id,data,nome,valor,tipo
1,2023-08-01,João Silva,150.23,debito
2,2023-08-02,Maria Santos,50.00,credito
3,2023-08-03,Carlos Oliveira,200.12,debito
4,2023-08-04,Ana Souza,75.00,credito
5,2023-08-05,Fernanda Almeida,120.00,debito
6,2023-08-06,Ricardo Lima,65.00,credito
7,2023-08-07,Isabela Ferreira,83.40,debito
8,2023-08-01,João Silva,150.23,debito
9,2023-08-02,Maria Santos,50.00,credito
10,2023-08-03,Carlos Oliveira,200.12,debito
11,2023-08-04,Ana Souza,75.00,credito
12,2023-08-05,Fernanda Almeida,120.00,debito
13,2023-08-06,Ricardo Lima,65.00,credito
14,2023-08-07,Isabela Ferreira,83.40,debito
15,2023-08-01,João Silva,150.23,debito
16,2023-08-02,Maria Santos,50.00,credito
17,2023-08-03,Carlos Oliveira,200.12,debito
18,2023-08-04,Ana Souza,75.00,credito
19,2023-08-05,Fernanda Almeida,120.00,debito
20,2023-08-06,Ricardo Lima,65.00,credito
21,2023-08-07,Isabela Ferreira,83.40,debito
22,2023-08-01,João Silva,150.23,debito
23,2023-08-02,Maria Santos,50.00,credito
24,2023-08-03,Carlos Oliveira,200.12,debito
25,2023-08-04,Ana Souza,75.00,credito
26,2023-08-05,Fernanda Almeida,120.00,debito
27,2023-08-06,Ricardo Lima,65.00,credito
28,2023-08-07,Isabela Ferreira,83.40,debito
29,2023-08-01,João Silva,150.23,debito
30,2023-08-02,Maria Santos,50.00,credito
31,2023-08-03,Carlos Oliveira,200.12,debito
32,2023-08-04,Ana Souza,75.00,credito
33,2023-08-05,Fernanda Almeida,120.00,debito
34,2023-08-06,Ricardo Lima,65.00,credito
35,2023-08-07,Isabela Ferreira,83.40,debito
36,2023-08-01,João Silva,150.23,debito
37,2023-08-02,Maria Santos,50.00,credito
38,2023-08-03,Carlos Oliveira,200.12,debito
39,2023-08-04,Ana Souza,75.00,credito
40,2023-08-05,Fernanda Almeida,120.00,debito
41,2023-08-06,Ricardo Lima,65.00,credito
42,2023-08-07,Isabela Ferreira,83.40,debito
43,2023-08-01,João Silva,150.23,debito
44,2023-08-02,Maria Santos,50.00,credito
45,2023-08-03,Carlos Oliveira,200.12,debito
46,2023-08-04,Ana Souza,75.00,credito
47,2023-08-05,Fernanda Almeida,120.00,debito
48,2023-08-06,Ricardo Lima,65.00,credito
49,2023-08-07,Isabela Ferreira,83.40,debito
50,2023-08-01,João Silva,150.23,debito
51,2023-08-02,Maria Santos,50.00,credito
52,2023-08-03,Carlos Oliveira,200.12,debito
53,2023-08-04,Ana Souza,75.00,credito
54,2023-08-05,Fernanda Almeida,120.00,debito
55,2023-08-06,Ricardo Lima,65.00,credito
56,2023-08-07,Isabela Ferreira,83.40,debito
57,2023-08-01,João Silva,150.23,debito
58,2023-08-02,Maria Santos,50.00,credito
59,2023-08-03,Carlos Oliveira,200.12,debito
60,2023-08-04,Ana Souza,75.00,credito
61,2023-08-05,Fernanda Almeida,120.00,debito
62,2023-08-06,Ricardo Lima,65.00,credito
63,2023-08-07,Isabela Ferreira,83.40,debito
64,2023-08-01,João Silva,150.23,debito
65,2023-08-02,Maria Santos,50.00,credito
66,2023-08-03,Carlos Oliveira,200.12,debito
67,2023-08-04,Ana Souza,75.00,credito
68,2023-08-05,Fernanda Almeida,120.00,debito
69,2023-08-06,Ricardo Lima,65.00,credito
70,2023-08-07,Isabela Ferreira,83.40,debito
71,2023-08-01,João Silva,150.23,debito
72,2023-08-02,Maria Santos,50.00,credito
73,2023-08-03,Carlos Oliveira,200.12,debito
74,2023-08-04,Ana Souza,75.00,credito
75,2023-08-05,Fernanda Almeida,120.00,debito
76,2023-08-06,Ricardo Lima,65.00,credito
77,2023-08-07,Isabela Ferreira,83.40,debito
78,2023-08-01,João Silva,150.23,debito
79,2023-08-02,Maria Santos,50.00,credito
80,2023-08-03,Carlos Oliveira,200.12,debito
81,2023-08-04,Ana Souza,75.00,credito
82,2023-08-05,Fernanda Almeida,120.00,debito
83,2023-08-06,Ricardo Lima,65.00,credito
84,2023-08-07,Isabela Ferreira,83.40,debito
85,2023-08-01,João Silva,150.23,debito
86,2023-08-02,Maria Santos,50.00,credito
87,2023-08-03,Carlos Oliveira,200.12,debito
88,2023-08-04,Ana Souza,75.00,credito
89,2023-08-05,Fernanda Almeida,120.00,debito
90,2023-08-06,Ricardo Lima,65.00,credito
91,2023-08-07,Isabela Ferreira,83.40,debito
92,2023-08-01,João Silva,150.23,debito
93,2023-08-02,Maria Santos,50.00,credito
94,2023-08-03,Carlos Oliveira,200.12,debito
95,2023-08-04,Ana Souza,75.00,credito
96,2023-08-05,Fernanda Almeida,120.00,debito
97,2023-08-06,Ricardo Lima,65.00,credito
98,2023-08-07,Isabela Ferreira,83.40,debito
99,2023-08-01,João Silva,150.23,debito
100,2023-08-02,Maria Santos,50.00,credito
101,2023-08-03,Carlos Oliveira,200.12,debito
102,2023-08-04,Ana Souza,75.00,credito
103,2023-08-05,Fernanda Almeida,120.00,debito
104,2023-08-06,Ricardo Lima,65.00,credito
105,2023-08-07,Isabela Ferreira,83.40,debito
106,2023-08-01,João Silva,150.23,debito
107,2023-08-02,Maria Santos,50.00,credito
108,2023-08-03,Carlos Oliveira,200.12,debito
109,2023-08-04,Ana Souza,75.00,credito
110,2023-08-05,Fernanda Almeida,120.00,debito
111,2023-08-06,Ricardo Lima,65.00,credito
112,2023-08-07,Isabela Ferreira,83.40,debito
113,2023-08-01,João Silva,150.23,debito
114,2023-08-02,Maria Santos,50.00,credito
115,2023-08-03,Carlos Oliveira,200.12,debito
116,2023-08-04,Ana Souza,75.00,credito
117,2023-08-05,Fernanda Almeida,120.00,debito
118,2023-08-06,Ricardo Lima,65.00,credito
119,2023-08-07,Isabela Ferreira,83.40,debito
120,2023-08-01,João Silva,150.23,debito
121,2023-08-02,Maria Santos,50.00,credito
122,2023-08-03,Carlos Oliveira,200.12,debito
123,2023-08-04,Ana Souza,75.00,credito
124,2023-08-05,Fernanda Almeida,120.00,debito
125,2023-08-06,Ricardo Lima,65.00,credito
126,2023-08-07,Isabela Ferreira,83.40,debito
127,2023-08-01,João Silva,150.23,debito
128,2023-08-02,Maria Santos,50.00,credito
129,2023-08-03,Carlos Oliveira,200.12,debito
130,2023-08-04,Ana Souza,75.00,credito
131,2023-08-05,Fernanda Almeida,120.00,debito
132,2023-08-06,Ricardo Lima,65.00,credito
133,2023-08-07,Isabela Ferreira,83.40,debito
134,2023-08-01,João Silva,150.23,debito
135,2023-08-02,Maria Santos,50.00,credito
136,2023-08-03,Carlos Oliveira,200.12,debito
137,2023-08-04,Ana Souza,75.00,credito
138,2023-08-05,Fernanda Almeida,120.00,debito
139,2023-08-06,Ricardo Lima,65.00,credito
140,2023-08-07,Isabela Ferreira,83.40,debito
141,2023-08-01,João Silva,150.23,debito
142,2023-08-02,Maria Santos,50.00,credito
143,2023-08-03,Carlos Oliveira,200.12,debito
144,2023-08-04,Ana Souza,75.00,credito
145,2023-08-05,Fernanda Almeida,120.00,debito
146,2023-08-06,Ricardo Lima,65.00,credito
147,2023-08-07,Isabela Ferreira,83.40,debito
148,2023-08-01,João Silva,150.23,debito
149,2023-08-02,Maria Santos,50.00,credito
150,2023-08-03,Carlos Oliveira,200.12,debito
151,2023-08-04,Ana Souza,75.00,credito
152,2023-08-05,Fernanda Almeida,120.00,debito
153,2023-08-06,Ricardo Lima,65.00,credito
154,2023-08-07,Isabela Ferreira,83.40,debito
155,2023-08-01,João Silva,150.23,debito
156,2023-08-02,Maria Santos,50.00,credito
157,2023-08-03,Carlos Oliveira,200.12,debito
158,2023-08-04,Ana Souza,75.00,credito
159,2023-08-05,Fernanda Almeida,120.00,debito
160,2023-08-06,Ricardo Lima,65.00,credito
161,2023-08-07,Isabela Ferreira,83.40,debito
162,2023-08-01,João Silva,150.23,debito
163,2023-08-02,Maria Santos,50.00,credito
164,2023-08-03,Carlos Oliveira,200.12,debito
165,2023-08-04,Ana Souza,75.00,credito
166,2023-08-05,Fernanda Almeida,120.00,debito
167,2023-08-06,Ricardo Lima,65.00,credito
168,2023-08-07,Isabela Ferreira,83.40,debito
169,2023-08-01,João Silva,150.23,debito
170,2023-08-02,Maria Santos,50.00,credito
171,2023-08-03,Carlos Oliveira,200.12,debito
172,2023-08-04,Ana Souza,75.00,credito
173,2023-08-05,Fernanda Almeida,120.00,debito
174,2023-08-06,Ricardo Lima,65.00,credito
175,2023-08-07,Isabela Ferreira,83.40,debito
176,2023-08-01,João Silva,150.23,debito
177,2023-08-02,Maria Santos,50.00,credito
178,2023-08-03,Carlos Oliveira,200.12,debito
179,2023-08-04,Ana Souza,75.00,credito
180,2023-08-05,Fernanda Almeida,120.00,debito
181,2023-08-06,Ricardo Lima,65.00,credito
182,2023-08-07,Isabela Ferreira,83.40,debito
183,2023-08-01,João Silva,150.23,debito
184,2023-08-02,Maria Santos,50.00,credito
185,2023-08-03,Carlos Oliveira,200.12,debito
186,2023-08-04,Ana Souza,75.00,credito
187,2023-08-05,Fernanda Almeida,120.00,debito
188,2023-08-06,Ricardo Lima,65.00,credito
189,2023-08-07,Isabela Ferreira,83.40,debito
190,2023-08-01,João Silva,150.23,debito
191,2023-08-02,Maria Santos,50.00,credito
192,2023-08-03,Carlos Oliveira,200.12,debito
193,2023-08-04,Ana Souza,75.00,credito
194,2023-08-05,Fernanda Almeida,120.00,debito
195,2023-08-06,Ricardo Lima,65.00,credito
196,2023-08-07,Isabela Ferreira,83.40,debito
197,2023-08-01,João Silva,150.23,debito
198,2023-08-02,Maria Santos,50.00,credito
199,2023-08-03,Carlos Oliveira,200.12,debito
200,2023-08-04,Ana Souza,75.00,credito
201,2023-08-05,Fernanda Almeida,120.00,debito
202,2023-08-06,Ricardo Lima,65.00,credito
203,2023-08-07,Isabela Ferreira,83.40,debito
204,2023-08-01,João Silva,150.23,debito
205,2023-08-02,Maria Santos,50.00,credito
206,2023-08-03,Carlos Oliveira,200.12,debito
207,2023-08-04,Ana Souza,75.00,credito
208,2023-08-05,Fernanda Almeida,120.00,debito
209,2023-08-06,Ricardo Lima,65.00,credito
210,2023-08-07,Isabela Ferreira,83.40,debito
211,2023-08-01,João Silva,150.23,debito
212,2023-08-02,Maria Santos,50.00,credito
213,2023-08-03,Carlos Oliveira,200.12,debito
214,2023-08-04,Ana Souza,75.00,credito
215,2023-08-05,Fernanda Almeida,120.00,debito
216,2023-08-06,Ricardo Lima,65.00,credito
217,2023-08-07,Isabela Ferreira,83.40,debito
218,2023-08-01,João Silva,150.23,debito
219,2023-08-02,Maria Santos,50.00,credito
220,2023-08-03,Carlos Oliveira,200.12,debito
221,2023-08-04,Ana Souza,75.00,credito
222,2023-08-05,Fernanda Almeida,120.00,debito
223,2023-08-06,Ricardo Lima,65.00,credito
224,2023-08-07,Isabela Ferreira,83.40,debito
225,2023-08-01,João Silva,150.23,debito
226,2023-08-02,Maria Santos,50.00,credito
227,2023-08-03,Carlos Oliveira,200.12,debito
228,2023-08-04,Ana Souza,75.00,credito
229,2023-08-05,Fernanda Almeida,120.00,debito
230,2023-08-06,Ricardo Lima,65.00,credito
231,2023-08-07,Isabela Ferreira,83.40,debito
232,2023-08-01,João Silva,150.23,debito
233,2023-08-02,Maria Santos,50.00,credito
234,2023-08-03,Carlos Oliveira,200.12,debito
235,2023-08-04,Ana Souza,75.00,credito
236,2023-08-05,Fernanda Almeida,120.00,debito
237,2023-08-06,Ricardo Lima,65.00,credito
238,2023-08-07,Isabela Ferreira,83.40,debito
239,2023-08-01,João Silva,150.23,debito
240,2023-08-02,Maria Santos,50.00,credito
241,2023-08-03,Carlos Oliveira,200.12,debito
242,2023-08-04,Ana Souza,75.00,credito
243,2023-08-05,Fernanda Almeida,120.00,debito
244,2023-08-06,Ricardo Lima,65.00,credito
245,2023-08-07,Isabela Ferreira,83.40,debito
246,2023-08-01,João Silva,150.23,debito
247,2023-08-02,Maria Santos,50.00,credito
248,2023-08-03,Carlos Oliveira,200.12,debito
249,2023-08-04,Ana Souza,75.00,credito
250,2023-08-05,Fernanda Almeida,120.00,debito
251,2023-08-06,Ricardo Lima,65.00,credito
252,2023-08-07,Isabela Ferreira,83.40,debito
253,2023-08-01,João Silva,150.23,debito
254,2023-08-02,Maria Santos,50.00,credito
255,2023-08-03,Carlos Oliveira,200.12,debito
256,2023-08-04,Ana Souza,75.00,credito
257,2023-08-05,Fernanda Almeida,120.00,debito
258,2023-08-06,Ricardo Lima,65.00,credito
259,2023-08-07,Isabela Ferreira,83.40,debito
260,2023-08-01,João Silva,150.23,debito
261,2023-08-02,Maria Santos,50.00,credito
262,2023-08-03,Carlos Oliveira,200.12,debito
263,2023-08-04,Ana Souza,75.00,credito
264,2023-08-05,Fernanda Almeida,120.00,debito
265,2023-08-06,Ricardo Lima,65.00,credito
266,2023-08-07,Isabela Ferreira,83.40,debito
267,2023-08-01,João Silva,150.23,debito
268,2023-08-02,Maria Santos,50.00,credito
269,2023-08-03,Carlos Oliveira,200.12,debito
270,2023-08-04,Ana Souza,75.00,credito
271,2023-08-05,Fernanda Almeida,120.00,debito
272,2023-08-06,Ricardo Lima,65.00,credito
273,2023-08-07,Isabela Ferreira,83.40,debito
274,2023-08-01,João Silva,150.23,debito
275,2023-08-02,Maria Santos,50.00,credito
276,2023-08-03,Carlos Oliveira,200.12,debito
277,2023-08-04,Ana Souza,75.00,credito
278,2023-08-05,Fernanda Almeida,120.00,debito
279,2023-08-06,Ricardo Lima,65.00,credito
280,2023-08-07,Isabela Ferreira,83.40,debito
281,2023-08-01,João Silva,150.23,debito
282,2023-08-02,Maria Santos,50.00,credito
283,2023-08-03,Carlos Oliveira,200.12,debito
284,2023-08-04,Ana Souza,75.00,credito
285,2023-08-05,Fernanda Almeida,120.00,debito
286,2023-08-06,Ricardo Lima,65.00,credito
287,2023-08-07,Isabela Ferreira,83.40,debito
288,2023-08-01,João Silva,150.23,debito
289,2023-08-02,Maria Santos,50.00,credito
290,2023-08-03,Carlos Oliveira,200.12,debito
291,2023-08-04,Ana Souza,75.00,credito
292,2023-08-05,Fernanda Almeida,120.00,debito
293,2023-08-06,Ricardo Lima,65.00,credito
294,2023-08-07,Isabela Ferreira,83.40,debito
295,2023-08-01,João Silva,150.23,debito
296,2023-08-02,Maria Santos,50.00,credito
297,2023-08-03,Carlos Oliveira,200.12,debito
298,2023-08-04,Ana Souza,75.00,credito
299,2023-08-05,Fernanda Almeida,120.00,debito
300,2023-08-06,Ricardo Lima,65.00,credito
301,2023-08-07,Isabela Ferreira,83.40,debito
302,2023-08-01,João Silva,150.23,debito
303,2023-08-02,Maria Santos,50.00,credito
304,2023-08-03,Carlos Oliveira,200.12,debito
305,2023-08-04,Ana Souza,75.00,credito
306,2023-08-05,Fernanda Almeida,120.00,debito
307,2023-08-06,Ricardo Lima,65.00,credito
308,2023-08-07,Isabela Ferreira,83.40,debito
309,2023-08-01,João Silva,150.23,debito
310,2023-08-02,Maria Santos,50.00,credito
311,2023-08-03,Carlos Oliveira,200.12,debito
312,2023-08-04,Ana Souza,75.00,credito
313,2023-08-05,Fernanda Almeida,120.00,debito
314,2023-08-06,Ricardo Lima,65.00,credito
315,2023-08-07,Isabela Ferreira,83.40,debito
316,2023-08-01,João Silva,150.23,debito
317,2023-08-02,Maria Santos,50.00,credito
318,2023-08-03,Carlos Oliveira,200.12,debito
319,2023-08-04,Ana Souza,75.00,credito
320,2023-08-05,Fernanda Almeida,120.00,debito
321,2023-08-06,Ricardo Lima,65.00,credito
322,2023-08-07,Isabela Ferreira,83.40,debito
323,2023-08-01,João Silva,150.23,debito
324,2023-08-02,Maria Santos,50.00,credito
325,2023-08-03,Carlos Oliveira,200.12,debito
326,2023-08-04,Ana Souza,75.00,credito
327,2023-08-05,Fernanda Almeida,120.00,debito
328,2023-08-06,Ricardo Lima,65.00,credito
329,2023-08-07,Isabela Ferreira,83.40,debito
330,2023-08-01,João Silva,150.23,debito
331,2023-08-02,Maria Santos,50.00,credito
332,2023-08-03,Carlos Oliveira,200.12,debito
333,2023-08-04,Ana Souza,75.00,credito
334,2023-08-05,Fernanda Almeida,120.00,debito
335,2023-08-06,Ricardo Lima,65.00,credito
336,2023-08-07,Isabela Ferreira,83.40,debito
337,2023-08-01,João Silva,150.23,debito
338,2023-08-02,Maria Santos,50.00,credito
339,2023-08-03,Carlos Oliveira,200.12,debito
340,2023-08-04,Ana Souza,75.00,credito
341,2023-08-05,Fernanda Almeida,120.00,debito
342,2023-08-06,Ricardo Lima,65.00,credito
343,2023-08-07,Isabela Ferreira,83.40,debito
344,2023-08-01,João Silva,150.23,debito
345,2023-08-02,Maria Santos,50.00,credito
346,2023-08-03,Carlos Oliveira,200.12,debito
347,2023-08-04,Ana Souza,75.00,credito
348,2023-08-05,Fernanda Almeida,120.00,debito
349,2023-08-06,Ricardo Lima,65.00,credito
350,2023-08-07,Isabela Ferreira,83.40,debito
351,2023-08-01,João Silva,150.23,debito
352,2023-08-02,Maria Santos,50.00,credito
353,2023-08-03,Carlos Oliveira,200.12,debito
354,2023-08-04,Ana Souza,75.00,credito
355,2023-08-05,Fernanda Almeida,120.00,debito
356,2023-08-06,Ricardo Lima,65.00,credito
357,2023-08-07,Isabela Ferreira,83.40,debito
358,2023-08-01,João Silva,150.23,debito
359,2023-08-02,Maria Santos,50.00,credito
360,2023-08-03,Carlos Oliveira,200.12,debito
361,2023-08-04,Ana Souza,75.00,credito
362,2023-08-05,Fernanda Almeida,120.00,debito
363,2023-08-06,Ricardo Lima,65.00,credito
364,2023-08-07,Isabela Ferreira,83.40,debito
365,2023-08-01,João Silva,150.23,debito
366,2023-08-02,Maria Santos,50.00,credito
367,2023-08-03,Carlos Oliveira,200.12,debito
368,2023-08-04,Ana Souza,75.00,credito
369,2023-08-05,Fernanda Almeida,120.00,debito
370,2023-08-06,Ricardo Lima,65.00,credito
371,2023-08-07,Isabela Ferreira,83.40,debito
372,2023-08-01,João Silva,150.23,debito
373,2023-08-02,Maria Santos,50.00,credito
374,2023-08-03,Carlos Oliveira,200.12,debito
375,2023-08-04,Ana Souza,75.00,credito
376,2023-08-05,Fernanda Almeida,120.00,debito
377,2023-08-06,Ricardo Lima,65.00,credito
378,2023-08-07,Isabela Ferreira,83.40,debito
379,2023-08-01,João Silva,150.23,debito
380,2023-08-02,Maria Santos,50.00,credito
381,2023-08-03,Carlos Oliveira,200.12,debito
382,2023-08-04,Ana Souza,75.00,credito
383,2023-08-05,Fernanda Almeida,120.00,debito
384,2023-08-06,Ricardo Lima,65.00,credito
385,2023-08-07,Isabela Ferreira,83.40,debito
386,2023-08-01,João Silva,150.23,debito
387,2023-08-02,Maria Santos,50.00,credito
388,2023-08-03,Carlos Oliveira,200.12,debito
389,2023-08-04,Ana Souza,75.00,credito
390,2023-08-05,Fernanda Almeida,120.00,debito
391,2023-08-06,Ricardo Lima,65.00,credito
392,2023-08-07,Isabela Ferreira,83.40,debito
393,2023-08-01,João Silva,150.23,debito
394,2023-08-02,Maria Santos,50.00,credito
395,2023-08-03,Carlos Oliveira,200.12,debito
396,2023-08-04,Ana Souza,75.00,credito
397,2023-08-05,Fernanda Almeida,120.00,debito
398,2023-08-06,Ricardo Lima,65.00,credito
399,2023-08-07,Isabela Ferreira,83.40,debito
400,2023-08-01,João Silva,150.23,debito
401,2023-08-02,Maria Santos,50.00,credito
402,2023-08-03,Carlos Oliveira,200.12,debito
403,2023-08-04,Ana Souza,75.00,credito
404,2023-08-05,Fernanda Almeida,120.00,debito
405,2023-08-06,Ricardo Lima,65.00,credito
406,2023-08-07,Isabela Ferreira,83.40,debito
407,2023-08-01,João Silva,150.23,debito
408,2023-08-02,Maria Santos,50.00,credito
409,2023-08-03,Carlos Oliveira,200.12,debito
410,2023-08-04,Ana Souza,75.00,credito
411,2023-08-05,Fernanda Almeida,120.00,debito
412,2023-08-06,Ricardo Lima,65.00,credito
413,2023-08-07,Isabela Ferreira,83.40,debito
414,2023-08-01,João Silva,150.23,debito
415,2023-08-02,Maria Santos,50.00,credito
416,2023-08-03,Carlos Oliveira,200.12,debito
417,2023-08-04,Ana Souza,75.00,credito
418,2023-08-05,Fernanda Almeida,120.00,debito
419,2023-08-06,Ricardo Lima,65.00,credito
420,2023-08-07,Isabela Ferreira,83.40,debito
421,2023-08-01,João Silva,150.23,debito
422,2023-08-02,Maria Santos,50.00,credito
423,2023-08-03,Carlos Oliveira,200.12,debito
424,2023-08-04,Ana Souza,75.00,credito
425,2023-08-05,Fernanda Almeida,120.00,debito
426,2023-08-06,Ricardo Lima,65.00,credito
427,2023-08-07,Isabela Ferreira,83.40,debito
428,2023-08-01,João Silva,150.23,debito
429,2023-08-02,Maria Santos,50.00,credito
430,2023-08-03,Carlos Oliveira,200.12,debito
431,2023-08-04,Ana Souza,75.00,credito
432,2023-08-05,Fernanda Almeida,120.00,debito
433,2023-08-06,Ricardo Lima,65.00,credito
434,2023-08-07,Isabela Ferreira,83.40,debito
435,2023-08-01,João Silva,150.23,debito
436,2023-08-02,Maria Santos,50.00,credito
437,2023-08-03,Carlos Oliveira,200.12,debito
438,2023-08-04,Ana Souza,75.00,credito
439,2023-08-05,Fernanda Almeida,120.00,debito
440,2023-08-06,Ricardo Lima,65.00,credito
441,2023-08-07,Isabela Ferreira,83.40,debito
442,2023-08-01,João Silva,150.23,debito
443,2023-08-02,Maria Santos,50.00,credito
444,2023-08-03,Carlos Oliveira,200.12,debito
445,2023-08-04,Ana Souza,75.00,credito
446,2023-08-05,Fernanda Almeida,120.00,debito
447,2023-08-06,Ricardo Lima,65.00,credito
448,2023-08-07,Isabela Ferreira,83.40,debito
449,2023-08-01,João Silva,150.23,debito
450,2023-08-02,Maria Santos,50.00,credito
451,2023-08-03,Carlos Oliveira,200.12,debito
452,2023-08-04,Ana Souza,75.00,credito
453,2023-08-05,Fernanda Almeida,120.00,debito
454,2023-08-06,Ricardo Lima,65.00,credito
455,2023-08-07,Isabela Ferreira,83.40,debito
456,2023-08-01,João Silva,150.23,debito
457,2023-08-02,Maria Santos,50.00,credito
458,2023-08-03,Carlos Oliveira,200.12,debito
459,2023-08-04,Ana Souza,75.00,credito
460,2023-08-05,Fernanda Almeida,120.00,debito
461,2023-08-06,Ricardo Lima,65.00,credito
462,2023-08-07,Isabela Ferreira,83.40,debito
463,2023-08-01,João Silva,150.23,debito
464,2023-08-02,Maria Santos,50.00,credito
465,2023-08-03,Carlos Oliveira,200.12,debito
466,2023-08-04,Ana Souza,75.00,credito
467,2023-08-05,Fernanda Almeida,120.00,debito
468,2023-08-06,Ricardo Lima,65.00,credito
469,2023-08-07,Isabela Ferreira,83.40,debito
470,2023-08-01,João Silva,150.23,debito
471,2023-08-02,Maria Santos,50.00,credito
472,2023-08-03,Carlos Oliveira,200.12,debito
473,2023-08-04,Ana Souza,75.00,credito
474,2023-08-05,Fernanda Almeida,120.00,debito
475,2023-08-06,Ricardo Lima,65.00,credito
476,2023-08-07,Isabela Ferreira,83.40,debito
477,2023-08-01,João Silva,150.23,debito
478,2023-08-02,Maria Santos,50.00,credito
479,2023-08-03,Carlos Oliveira,200.12,debito
480,2023-08-04,Ana Souza,75.00,credito
481,2023-08-05,Fernanda Almeida,120.00,debito
482,2023-08-06,Ricardo Lima,65.00,credito
483,2023-08-07,Isabela Ferreira,83.40,debito
484,2023-08-01,João Silva,150.23,debito
485,2023-08-02,Maria Santos,50.00,credito
486,2023-08-03,Carlos Oliveira,200.12,debito
487,2023-08-04,Ana Souza,75.00,credito
488,2023-08-05,Fernanda Almeida,120.00,debito
489,2023-08-06,Ricardo Lima,65.00,credito
490,2023-08-07,Isabela Ferreira,83.40,debito
491,2023-08-01,João Silva,150.23,debito
492,2023-08-02,Maria Santos,50.00,credito
493,2023-08-03,Carlos Oliveira,200.12,debito
494,2023-08-04,Ana Souza,75.00,credito
495,2023-08-05,Fernanda Almeida,120.00,debito
496,2023-08-06,Ricardo Lima,65.00,credito
497,2023-08-07,Isabela Ferreira,83.40,debito
498,2023-08-01,João Silva,150.23,debito
499,2023-08-02,Maria Santos,50.00,credito
500,2023-08-03,Carlos Oliveira,200.12,debito
501,2023-08-04,Ana Souza,75.00,credito
502,2023-08-05,Fernanda Almeida,120.00,debito
503,2023-08-06,Ricardo Lima,65.00,credito
504,2023-08-07,Isabela Ferreira,83.40,debito
505,2023-08-01,João Silva,150.23,debito
506,2023-08-02,Maria Santos,50.00,credito
507,2023-08-03,Carlos Oliveira,200.12,debito
508,2023-08-04,Ana Souza,75.00,credito
509,2023-08-05,Fernanda Almeida,120.00,debito
510,2023-08-06,Ricardo Lima,65.00,credito
511,2023-08-07,Isabela Ferreira,83.40,debito
512,2023-08-01,João Silva,150.23,debito
513,2023-08-02,Maria Santos,50.00,credito
514,2023-08-03,Carlos Oliveira,200.12,debito
515,2023-08-04,Ana Souza,75.00,credito
516,2023-08-05,Fernanda Almeida,120.00,debito
517,2023-08-06,Ricardo Lima,65.00,credito
518,2023-08-07,Isabela Ferreira,83.40,debito
519,2023-08-01,João Silva,150.23,debito
520,2023-08-02,Maria Santos,50.00,credito
521,2023-08-03,Carlos Oliveira,200.12,debito
522,2023-08-04,Ana Souza,75.00,credito
523,2023-08-05,Fernanda Almeida,120.00,debito
524,2023-08-06,Ricardo Lima,65.00,credito
525,2023-08-07,Isabela Ferreira,83.40,debito
526,2023-08-01,João Silva,150.23,debito
527,2023-08-02,Maria Santos,50.00,credito
528,2023-08-03,Carlos Oliveira,200.12,debito
529,2023-08-04,Ana Souza,75.00,credito
530,2023-08-05,Fernanda Almeida,120.00,debito
531,2023-08-06,Ricardo Lima,65.00,credito
532,2023-08-07,Isabela Ferreira,83.40,debito
533,2023-08-01,João Silva,150.23,debito
534,2023-08-02,Maria Santos,50.00,credito
535,2023-08-03,Carlos Oliveira,200.12,debito
536,2023-08-04,Ana Souza,75.00,credito
537,2023-08-05,Fernanda Almeida,120.00,debito
538,2023-08-06,Ricardo Lima,65.00,credito
539,2023-08-07,Isabela Ferreira,83.40,debito
540,2023-08-01,João Silva,150.23,debito
541,2023-08-02,Maria Santos,50.00,credito
542,2023-08-03,Carlos Oliveira,200.12,debito
543,2023-08-04,Ana Souza,75.00,credito
544,2023-08-05,Fernanda Almeida,120.00,debito
545,2023-08-06,Ricardo Lima,65.00,credito
546,2023-08-07,Isabela Ferreira,83.40,debito
547,2023-08-01,João Silva,150.23,debito
548,2023-08-02,Maria Santos,50.00,credito
549,2023-08-03,Carlos Oliveira,200.12,debito
550,2023-08-04,Ana Souza,75.00,credito
551,2023-08-05,Fernanda Almeida,120.00,debito
552,2023-08-06,Ricardo Lima,65.00,credito
553,2023-08-07,Isabela Ferreira,83.40,debito
554,2023-08-01,João Silva,150.23,debito
555,2023-08-02,Maria Santos,50.00,credito
556,2023-08-03,Carlos Oliveira,200.12,debito
557,2023-08-04,Ana Souza,75.00,credito
558,2023-08-05,Fernanda Almeida,120.00,debito
559,2023-08-06,Ricardo Lima,65.00,credito
560,2023-08-07,Isabela Ferreira,83.40,debito
561,2023-08-01,João Silva,150.23,debito
562,2023-08-02,Maria Santos,50.00,credito
563,2023-08-03,Carlos Oliveira,200.12,debito
564,2023-08-04,Ana Souza,75.00,credito
565,2023-08-05,Fernanda Almeida,120.00,debito
566,2023-08-06,Ricardo Lima,65.00,credito
567,2023-08-07,Isabela Ferreira,83.40,debito
568,2023-08-01,João Silva,150.23,debito
569,2023-08-02,Maria Santos,50.00,credito
570,2023-08-03,Carlos Oliveira,200.12,debito
571,2023-08-04,Ana Souza,75.00,credito
572,2023-08-05,Fernanda Almeida,120.00,debito
573,2023-08-06,Ricardo Lima,65.00,credito
574,2023-08-07,Isabela Ferreira,83.40,debito
575,2023-08-01,João Silva,150.23,debito
576,2023-08-02,Maria Santos,50.00,credito
577,2023-08-03,Carlos Oliveira,200.12,debito
578,2023-08-04,Ana Souza,75.00,credito
579,2023-08-05,Fernanda Almeida,120.00,debito
580,2023-08-06,Ricardo Lima,65.00,credito
581,2023-08-07,Isabela Ferreira,83.40,debito
582,2023-08-01,João Silva,150.23,debito
583,2023-08-02,Maria Santos,50.00,credito
584,2023-08-03,Carlos Oliveira,200.12,debito
585,2023-08-04,Ana Souza,75.00,credito
586,2023-08-05,Fernanda Almeida,120.00,debito
587,2023-08-06,Ricardo Lima,65.00,credito
588,2023-08-07,Isabela Ferreira,83.40,debito
589,2023-08-01,João Silva,150.23,debito
590,2023-08-02,Maria Santos,50.00,credito
591,2023-08-03,Carlos Oliveira,200.12,debito
592,2023-08-04,Ana Souza,75.00,credito
593,2023-08-05,Fernanda Almeida,120.00,debito
594,2023-08-06,Ricardo Lima,65.00,credito
595,2023-08-07,Isabela Ferreira,83.40,debito
596,2023-08-01,João Silva,150.23,debito
597,2023-08-02,Maria Santos,50.00,credito
598,2023-08-03,Carlos Oliveira,200.12,debito
599,2023-08-04,Ana Souza,75.00,credito
600,2023-08-05,Fernanda Almeida,120.00,debito
601,2023-08-06,Ricardo Lima,65.00,credito
602,2023-08-07,Isabela Ferreira,83.40,debito
603,2023-08-01,João Silva,150.23,debito
604,2023-08-02,Maria Santos,50.00,credito
605,2023-08-03,Carlos Oliveira,200.12,debito
606,2023-08-04,Ana Souza,75.00,credito
607,2023-08-05,Fernanda Almeida,120.00,debito
608,2023-08-06,Ricardo Lima,65.00,credito
609,2023-08-07,Isabela Ferreira,83.40,debito
610,2023-08-01,João Silva,150.23,debito
611,2023-08-02,Maria Santos,50.00,credito
612,2023-08-03,Carlos Oliveira,200.12,debito
613,2023-08-04,Ana Souza,75.00,credito
614,2023-08-05,Fernanda Almeida,120.00,debito
615,2023-08-06,Ricardo Lima,65.00,credito
616,2023-08-07,Isabela Ferreira,83.40,debito
617,2023-08-01,João Silva,150.23,debito
618,2023-08-02,Maria Santos,50.00,credito
619,2023-08-03,Carlos Oliveira,200.12,debito
620,2023-08-04,Ana Souza,75.00,credito
621,2023-08-05,Fernanda Almeida,120.00,debito
622,2023-08-06,Ricardo Lima,65.00,credito
623,2023-08-07,Isabela Ferreira,83.40,debito
624,2023-08-01,João Silva,150.23,debito
625,2023-08-02,Maria Santos,50.00,credito
626,2023-08-03,Carlos Oliveira,200.12,debito
627,2023-08-04,Ana Souza,75.00,credito
628,2023-08-05,Fernanda Almeida,120.00,debito
629,2023-08-06,Ricardo Lima,65.00,credito
630,2023-08-07,Isabela Ferreira,83.40,debito
631,2023-08-01,João Silva,150.23,debito
632,2023-08-02,Maria Santos,50.00,credito
633,2023-08-03,Carlos Oliveira,200.12,debito
634,2023-08-04,Ana Souza,75.00,credito
635,2023-08-05,Fernanda Almeida,120.00,debito
636,2023-08-06,Ricardo Lima,65.00,credito
637,2023-08-07,Isabela Ferreira,83.40,debito
638,2023-08-01,João Silva,150.23,debito
639,2023-08-02,Maria Santos,50.00,credito
640,2023-08-03,Carlos Oliveira,200.12,debito
641,2023-08-04,Ana Souza,75.00,credito
642,2023-08-05,Fernanda Almeida,120.00,debito
643,2023-08-06,Ricardo Lima,65.00,credito
644,2023-08-07,Isabela Ferreira,83.40,debito
645,2023-08-01,João Silva,150.23,debito
646,2023-08-02,Maria Santos,50.00,credito
647,2023-08-03,Carlos Oliveira,200.12,debito
648,2023-08-04,Ana Souza,75.00,credito
649,2023-08-05,Fernanda Almeida,120.00,debito
650,2023-08-06,Ricardo Lima,65.00,credito
651,2023-08-07,Isabela Ferreira,83.40,debito
652,2023-08-01,João Silva,150.23,debito
653,2023-08-02,Maria Santos,50.00,credito
654,2023-08-03,Carlos Oliveira,200.12,debito
655,2023-08-04,Ana Souza,75.00,credito
656,2023-08-05,Fernanda Almeida,120.00,debito
657,2023-08-06,Ricardo Lima,65.00,credito
658,2023-08-07,Isabela Ferreira,83.40,debito
659,2023-08-01,João Silva,150.23,debito
660,2023-08-02,Maria Santos,50.00,credito
661,2023-08-03,Carlos Oliveira,200.12,debito
662,2023-08-04,Ana Souza,75.00,credito
663,2023-08-05,Fernanda Almeida,120.00,debito
664,2023-08-06,Ricardo Lima,65.00,credito
665,2023-08-07,Isabela Ferreira,83.40,debito
666,2023-08-01,João Silva,150.23,debito
667,2023-08-02,Maria Santos,50.00,credito
668,2023-08-03,Carlos Oliveira,200.12,debito
669,2023-08-04,Ana Souza,75.00,credito
670,2023-08-05,Fernanda Almeida,120.00,debito
671,2023-08-06,Ricardo Lima,65.00,credito
672,2023-08-07,Isabela Ferreira,83.40,debito
673,2023-08-01,João Silva,150.23,debito
674,2023-08-02,Maria Santos,50.00,credito
675,2023-08-03,Carlos Oliveira,200.12,debito
676,2023-08-04,Ana Souza,75.00,credito
677,2023-08-05,Fernanda Almeida,120.00,debito
678,2023-08-06,Ricardo Lima,65.00,credito
679,2023-08-07,Isabela Ferreira,83.40,debito
680,2023-08-01,João Silva,150.23,debito
681,2023-08-02,Maria Santos,50.00,credito
682,2023-08-03,Carlos Oliveira,200.12,debito
683,2023-08-04,Ana Souza,75.00,credito
684,2023-08-05,Fernanda Almeida,120.00,debito
685,2023-08-06,Ricardo Lima,65.00,credito
686,2023-08-07,Isabela Ferreira,83.40,debito
687,2023-08-01,João Silva,150.23,debito
688,2023-08-02,Maria Santos,50.00,credito
689,2023-08-03,Carlos Oliveira,200.12,debito
690,2023-08-04,Ana Souza,75.00,credito
691,2023-08-05,Fernanda Almeida,120.00,debito
692,2023-08-06,Ricardo Lima,65.00,credito
693,2023-08-07,Isabela Ferreira,83.40,debito
694,2023-08-01,João Silva,150.23,debito
695,2023-08-02,Maria Santos,50.00,credito
696,2023-08-03,Carlos Oliveira,200.12,debito
697,2023-08-04,Ana Souza,75.00,credito
698,2023-08-05,Fernanda Almeida,120.00,debito
699,2023-08-06,Ricardo Lima,65.00,credito
700,2023-08-07,Isabela Ferreira,83.40,debito
701,2023-08-01,João Silva,150.23,debito
702,2023-08-02,Maria Santos,50.00,credito
703,2023-08-03,Carlos Oliveira,200.12,debito
704,2023-08-04,Ana Souza,75.00,credito
705,2023-08-05,Fernanda Almeida,120.00,debito
706,2023-08-06,Ricardo Lima,65.00,credito
707,2023-08-07,Isabela Ferreira,83.40,debito
708,2023-08-01,João Silva,150.23,debito
709,2023-08-02,Maria Santos,50.00,credito
710,2023-08-03,Carlos Oliveira,200.12,debito
711,2023-08-04,Ana Souza,75.00,credito
712,2023-08-05,Fernanda Almeida,120.00,debito
713,2023-08-06,Ricardo Lima,65.00,credito
714,2023-08-07,Isabela Ferreira,83.40,debito
715,2023-08-01,João Silva,150.23,debito
716,2023-08-02,Maria Santos,50.00,credito
717,2023-08-03,Carlos Oliveira,200.12,debito
718,2023-08-04,Ana Souza,75.00,credito
719,2023-08-05,Fernanda Almeida,120.00,debito
720,2023-08-06,Ricardo Lima,65.00,credito
721,2023-08-07,Isabela Ferreira,83.40,debito
722,2023-08-01,João Silva,150.23,debito
723,2023-08-02,Maria Santos,50.00,credito
724,2023-08-03,Carlos Oliveira,200.12,debito
725,2023-08-04,Ana Souza,75.00,credito
726,2023-08-05,Fernanda Almeida,120.00,debito
727,2023-08-06,Ricardo Lima,65.00,credito
728,2023-08-07,Isabela Ferreira,83.40,debito
729,2023-08-01,João Silva,150.23,debito
730,2023-08-02,Maria Santos,50.00,credito
731,2023-08-03,Carlos Oliveira,200.12,debito
732,2023-08-04,Ana Souza,75.00,credito
733,2023-08-05,Fernanda Almeida,120.00,debito
734,2023-08-06,Ricardo Lima,65.00,credito
735,2023-08-07,Isabela Ferreira,83.40,debito
736,2023-08-01,João Silva,150.23,debito
737,2023-08-02,Maria Santos,50.00,credito
738,2023-08-03,Carlos Oliveira,200.12,debito
739,2023-08-04,Ana Souza,75.00,credito
740,2023-08-05,Fernanda Almeida,120.00,debito
741,2023-08-06,Ricardo Lima,65.00,credito
742,2023-08-07,Isabela Ferreira,83.40,debito
743,2023-08-01,João Silva,150.23,debito
744,2023-08-02,Maria Santos,50.00,credito
745,2023-08-03,Carlos Oliveira,200.12,debito
746,2023-08-04,Ana Souza,75.00,credito
747,2023-08-05,Fernanda Almeida,120.00,debito
748,2023-08-06,Ricardo Lima,65.00,credito
749,2023-08-07,Isabela Ferreira,83.40,debito
750,2023-08-01,João Silva,150.23,debito
751,2023-08-02,Maria Santos,50.00,credito
752,2023-08-03,Carlos Oliveira,200.12,debito
753,2023-08-04,Ana Souza,75.00,credito
754,2023-08-05,Fernanda Almeida,120.00,debito
755,2023-08-06,Ricardo Lima,65.00,credito
756,2023-08-07,Isabela Ferreira,83.40,debito
757,2023-08-01,João Silva,150.23,debito
758,2023-08-02,Maria Santos,50.00,credito
759,2023-08-03,Carlos Oliveira,200.12,debito
760,2023-08-04,Ana Souza,75.00,credito
761,2023-08-05,Fernanda Almeida,120.00,debito
762,2023-08-06,Ricardo Lima,65.00,credito
763,2023-08-07,Isabela Ferreira,83.40,debito
764,2023-08-01,João Silva,150.23,debito
765,2023-08-02,Maria Santos,50.00,credito
766,2023-08-03,Carlos Oliveira,200.12,debito
767,2023-08-04,Ana Souza,75.00,credito
768,2023-08-05,Fernanda Almeida,120.00,debito
769,2023-08-06,Ricardo Lima,65.00,credito
770,2023-08-07,Isabela Ferreira,83.40,debito
771,2023-08-01,João Silva,150.23,debito
772,2023-08-02,Maria Santos,50.00,credito
773,2023-08-03,Carlos Oliveira,200.12,debito
774,2023-08-04,Ana Souza,75.00,credito
775,2023-08-05,Fernanda Almeida,120.00,debito
776,2023-08-06,Ricardo Lima,65.00,credito
777,2023-08-07,Isabela Ferreira,83.40,debito
778,2023-08-01,João Silva,150.23,debito
779,2023-08-02,Maria Santos,50.00,credito
780,2023-08-03,Carlos Oliveira,200.12,debito
781,2023-08-04,Ana Souza,75.00,credito
782,2023-08-05,Fernanda Almeida,120.00,debito
783,2023-08-06,Ricardo Lima,65.00,credito
784,2023-08-07,Isabela Ferreira,83.40,debito
785,2023-08-01,João Silva,150.23,debito
786,2023-08-02,Maria Santos,50.00,credito
787,2023-08-03,Carlos Oliveira,200.12,debito
788,2023-08-04,Ana Souza,75.00,credito
789,2023-08-05,Fernanda Almeida,120.00,debito
790,2023-08-06,Ricardo Lima,65.00,credito
791,2023-08-07,Isabela Ferreira,83.40,debito
792,2023-08-01,João Silva,150.23,debito
793,2023-08-02,Maria Santos,50.00,credito
794,2023-08-03,Carlos Oliveira,200.12,debito
795,2023-08-04,Ana Souza,75.00,credito
796,2023-08-05,Fernanda Almeida,120.00,debito
797,2023-08-06,Ricardo Lima,65.00,credito
798,2023-08-07,Isabela Ferreira,83.40,debito
799,2023-08-01,João Silva,150.23,debito
800,2023-08-02,Maria Santos,50.00,credito
801,2023-08-03,Carlos Oliveira,200.12,debito
802,2023-08-04,Ana Souza,75.00,credito
803,2023-08-05,Fernanda Almeida,120.00,debito
804,2023-08-06,Ricardo Lima,65.00,credito
805,2023-08-07,Isabela Ferreira,83.40,debito
806,2023-08-01,João Silva,150.23,debito
807,2023-08-02,Maria Santos,50.00,credito
808,2023-08-03,Carlos Oliveira,200.12,debito
809,2023-08-04,Ana Souza,75.00,credito
810,2023-08-05,Fernanda Almeida,120.00,debito
811,2023-08-06,Ricardo Lima,65.00,credito
812,2023-08-07,Isabela Ferreira,83.40,debito
813,2023-08-01,João Silva,150.23,debito
814,2023-08-02,Maria Santos,50.00,credito
815,2023-08-03,Carlos Oliveira,200.12,debito
816,2023-08-04,Ana Souza,75.00,credito
817,2023-08-05,Fernanda Almeida,120.00,debito
818,2023-08-06,Ricardo Lima,65.00,credito
819,2023-08-07,Isabela Ferreira,83.40,debito
820,2023-08-01,João Silva,150.23,debito
821,2023-08-02,Maria Santos,50.00,credito
822,2023-08-03,Carlos Oliveira,200.12,debito
823,2023-08-04,Ana Souza,75.00,credito
824,2023-08-05,Fernanda Almeida,120.00,debito
825,2023-08-06,Ricardo Lima,65.00,credito
826,2023-08-07,Isabela Ferreira,83.40,debito
827,2023-08-01,João Silva,150.23,debito
828,2023-08-02,Maria Santos,50.00,credito
829,2023-08-03,Carlos Oliveira,200.12,debito
830,2023-08-04,Ana Souza,75.00,credito
831,2023-08-05,Fernanda Almeida,120.00,debito
832,2023-08-06,Ricardo Lima,65.00,credito
833,2023-08-07,Isabela Ferreira,83.40,debito
834,2023-08-01,João Silva,150.23,debito
835,2023-08-02,Maria Santos,50.00,credito
836,2023-08-03,Carlos Oliveira,200.12,debito
837,2023-08-04,Ana Souza,75.00,credito
838,2023-08-05,Fernanda Almeida,120.00,debito
839,2023-08-06,Ricardo Lima,65.00,credito
840,2023-08-07,Isabela Ferreira,83.40,debito
841,2023-08-01,João Silva,150.23,debito
842,2023-08-02,Maria Santos,50.00,credito
843,2023-08-03,Carlos Oliveira,200.12,debito
844,2023-08-04,Ana Souza,75.00,credito
845,2023-08-05,Fernanda Almeida,120.00,debito
846,2023-08-06,Ricardo Lima,65.00,credito
847,2023-08-07,Isabela Ferreira,83.40,debito
848,2023-08-01,João Silva,150.23,debito
849,2023-08-02,Maria Santos,50.00,credito
850,2023-08-03,Carlos Oliveira,200.12,debito
851,2023-08-04,Ana Souza,75.00,credito
852,2023-08-05,Fernanda Almeida,120.00,debito
853,2023-08-06,Ricardo Lima,65.00,credito
854,2023-08-07,Isabela Ferreira,83.40,debito
855,2023-08-01,João Silva,150.23,debito
856,2023-08-02,Maria Santos,50.00,credito
857,2023-08-03,Carlos Oliveira,200.12,debito
858,2023-08-04,Ana Souza,75.00,credito
859,2023-08-05,Fernanda Almeida,120.00,debito
860,2023-08-06,Ricardo Lima,65.00,credito
861,2023-08-07,Isabela Ferreira,83.40,debito
862,2023-08-01,João Silva,150.23,debito
863,2023-08-02,Maria Santos,50.00,credito
864,2023-08-03,Carlos Oliveira,200.12,debito
865,2023-08-04,Ana Souza,75.00,credito
866,2023-08-05,Fernanda Almeida,120.00,debito
867,2023-08-06,Ricardo Lima,65.00,credito
868,2023-08-07,Isabela Ferreira,83.40,debito
869,2023-08-01,João Silva,150.23,debito
870,2023-08-02,Maria Santos,50.00,credito
871,2023-08-03,Carlos Oliveira,200.12,debito
872,2023-08-04,Ana Souza,75.00,credito
873,2023-08-05,Fernanda Almeida,120.00,debito
874,2023-08-06,Ricardo Lima,65.00,credito
875,2023-08-07,Isabela Ferreira,83.40,debito
876,2023-08-01,João Silva,150.23,debito
877,2023-08-02,Maria Santos,50.00,credito
878,2023-08-03,Carlos Oliveira,200.12,debito
879,2023-08-04,Ana Souza,75.00,credito
880,2023-08-05,Fernanda Almeida,120.00,debito
881,2023-08-06,Ricardo Lima,65.00,credito
882,2023-08-07,Isabela Ferreira,83.40,debito
883,2023-08-01,João Silva,150.23,debito
884,2023-08-02,Maria Santos,50.00,credito
885,2023-08-03,Carlos Oliveira,200.12,debito
886,2023-08-04,Ana Souza,75.00,credito
887,2023-08-05,Fernanda Almeida,120.00,debito
888,2023-08-06,Ricardo Lima,65.00,credito
889,2023-08-07,Isabela Ferreira,83.40,debito
890,2023-08-01,João Silva,150.23,debito
891,2023-08-02,Maria Santos,50.00,credito
892,2023-08-03,Carlos Oliveira,200.12,debito
893,2023-08-04,Ana Souza,75.00,credito
894,2023-08-05,Fernanda Almeida,120.00,debito
895,2023-08-06,Ricardo Lima,65.00,credito
896,2023-08-07,Isabela Ferreira,83.40,debito
897,2023-08-01,João Silva,150.23,debito
898,2023-08-02,Maria Santos,50.00,credito
899,2023-08-03,Carlos Oliveira,200.12,debito
900,2023-08-04,Ana Souza,75.00,credito
901,2023-08-05,Fernanda Almeida,120.00,debito
902,2023-08-06,Ricardo Lima,65.00,credito
903,2023-08-07,Isabela Ferreira,83.40,debito
904,2023-08-01,João Silva,150.23,debito
905,2023-08-02,Maria Santos,50.00,credito
906,2023-08-03,Carlos Oliveira,200.12,debito
907,2023-08-04,Ana Souza,75.00,credito
908,2023-08-05,Fernanda Almeida,120.00,debito
909,2023-08-06,Ricardo Lima,65.00,credito
910,2023-08-07,Isabela Ferreira,83.40,debito
911,2023-08-01,João Silva,150.23,debito
912,2023-08-02,Maria Santos,50.00,credito
913,2023-08-03,Carlos Oliveira,200.12,debito
914,2023-08-04,Ana Souza,75.00,credito
915,2023-08-05,Fernanda Almeida,120.00,debito
916,2023-08-06,Ricardo Lima,65.00,credito
917,2023-08-07,Isabela Ferreira,83.40,debito
918,2023-08-01,João Silva,150.23,debito
919,2023-08-02,Maria Santos,50.00,credito
920,2023-08-03,Carlos Oliveira,200.12,debito
921,2023-08-04,Ana Souza,75.00,credito
922,2023-08-05,Fernanda Almeida,120.00,debito
923,2023-08-06,Ricardo Lima,65.00,credito
924,2023-08-07,Isabela Ferreira,83.40,debito
925,2023-08-01,João Silva,150.23,debito
926,2023-08-02,Maria Santos,50.00,credito
927,2023-08-03,Carlos Oliveira,200.12,debito
928,2023-08-04,Ana Souza,75.00,credito
929,2023-08-05,Fernanda Almeida,120.00,debito
930,2023-08-06,Ricardo Lima,65.00,credito
931,2023-08-07,Isabela Ferreira,83.40,debito
932,2023-08-01,João Silva,150.23,debito
933,2023-08-02,Maria Santos,50.00,credito
934,2023-08-03,Carlos Oliveira,200.12,debito
935,2023-08-04,Ana Souza,75.00,credito
936,2023-08-05,Fernanda Almeida,120.00,debito
937,2023-08-06,Ricardo Lima,65.00,credito
938,2023-08-07,Isabela Ferreira,83.40,debito
939,2023-08-01,João Silva,150.23,debito
940,2023-08-02,Maria Santos,50.00,credito
941,2023-08-03,Carlos Oliveira,200.12,debito
942,2023-08-04,Ana Souza,75.00,credito
943,2023-08-05,Fernanda Almeida,120.00,debito
944,2023-08-06,Ricardo Lima,65.00,credito
945,2023-08-07,Isabela Ferreira,83.40,debito
946,2023-08-01,João Silva,150.23,debito
947,2023-08-02,Maria Santos,50.00,credito
948,2023-08-03,Carlos Oliveira,200.12,debito
949,2023-08-04,Ana Souza,75.00,credito
950,2023-08-05,Fernanda Almeida,120.00,debito
951,2023-08-06,Ricardo Lima,65.00,credito
952,2023-08-07,Isabela Ferreira,83.40,debito
953,2023-08-01,João Silva,150.23,debito
954,2023-08-02,Maria Santos,50.00,credito
955,2023-08-03,Carlos Oliveira,200.12,debito
956,2023-08-04,Ana Souza,75.00,credito
957,2023-08-05,Fernanda Almeida,120.00,debito
958,2023-08-06,Ricardo Lima,65.00,credito
959,2023-08-07,Isabela Ferreira,83.40,debito
960,2023-08-01,João Silva,150.23,debito
961,2023-08-02,Maria Santos,50.00,credito
962,2023-08-03,Carlos Oliveira,200.12,debito
963,2023-08-04,Ana Souza,75.00,credito
964,2023-08-05,Fernanda Almeida,120.00,debito
965,2023-08-06,Ricardo Lima,65.00,credito
966,2023-08-07,Isabela Ferreira,83.40,debito
967,2023-08-01,João Silva,150.23,debito
968,2023-08-02,Maria Santos,50.00,credito
969,2023-08-03,Carlos Oliveira,200.12,debito
970,2023-08-04,Ana Souza,75.00,credito
971,2023-08-05,Fernanda Almeida,120.00,debito
972,2023-08-06,Ricardo Lima,65.00,credito
973,2023-08-07,Isabela Ferreira,83.40,debito
974,2023-08-01,João Silva,150.23,debito
975,2023-08-02,Maria Santos,50.00,credito
976,2023-08-03,Carlos Oliveira,200.12,debito
977,2023-08-04,Ana Souza,75.00,credito
978,2023-08-05,Fernanda Almeida,120.00,debito
979,2023-08-06,Ricardo Lima,65.00,credito
980,2023-08-07,Isabela Ferreira,83.40,debito
981,2023-08-01,João Silva,150.23,debito
982,2023-08-02,Maria Santos,50.00,credito
983,2023-08-03,Carlos Oliveira,200.12,debito
984,2023-08-04,Ana Souza,75.00,credito
985,2023-08-05,Fernanda Almeida,120.00,debito
986,2023-08-06,Ricardo Lima,65.00,credito
987,2023-08-07,Isabela Ferreira,83.40,debito
988,2023-08-01,João Silva,150.23,debito
989,2023-08-02,Maria Santos,50.00,credito
990,2023-08-03,Carlos Oliveira,200.12,debito
991,2023-08-04,Ana Souza,75.00,credito
992,2023-08-05,Fernanda Almeida,120.00,debito
993,2023-08-06,Ricardo Lima,65.00,credito
994,2023-08-07,Isabela Ferreira,83.40,debito
995,2023-08-01,João Silva,150.23,debito
996,2023-08-02,Maria Santos,50.00,credito
997,2023-08-03,Carlos Oliveira,200.12,debito
998,2023-08-04,Ana Souza,75.00,credito
999,2023-08-05,Fernanda Almeida,120.00,debito
1000,2023-08-06,Ricardo Lima,65.00,credito
1001,2023-08-07,Isabela Ferreira,83.40,debito
1002,2023-08-01,João Silva,150.23,debito
1003,2023-08-02,Maria Santos,50.00,credito
1004,2023-08-03,Carlos Oliveira,200.12,debito
1005,2023-08-04,Ana Souza,75.00,credito
1006,2023-08-05,Fernanda Almeida,120.00,debito
1007,2023-08-06,Ricardo Lima,65.00,credito
1008,2023-08-07,Isabela Ferreira,83.40,debito
1009,2023-08-01,João Silva,150.23,debito
1010,2023-08-02,Maria Santos,50.00,credito
1011,2023-08-03,Carlos Oliveira,200.12,debito
1012,2023-08-04,Ana Souza,75.00,credito
1013,2023-08-05,Fernanda Almeida,120.00,debito
1014,2023-08-06,Ricardo Lima,65.00,credito
1015,2023-08-07,Isabela Ferreira,83.40,debito
1016,2023-08-01,João Silva,150.23,debito
1017,2023-08-02,Maria Santos,50.00,credito
1018,2023-08-03,Carlos Oliveira,200.12,debito
1019,2023-08-04,Ana Souza,75.00,credito
1020,2023-08-05,Fernanda Almeida,120.00,debito
1021,2023-08-06,Ricardo Lima,65.00,credito
1022,2023-08-07,Isabela Ferreira,83.40,debito
1023,2023-08-01,João Silva,150.23,debito
1024,2023-08-02,Maria Santos,50.00,credito
1025,2023-08-03,Carlos Oliveira,200.12,debito
